size,latency,mode,scenario,wall_s,bytes,verify
small,0ms,rsync,cold,0.174,2112574,OK
small,0ms,rsync-z,cold,0.161,269837,OK
small,0ms,tar,cold,0.146,2396160,OK
small,0ms,tar-gz,cold,0.107,401143,OK
small,0ms,tar-zstd,cold,0.109,250798,OK
small,0ms,tar-inc,cold,0.141,2447360,OK
small,0ms,scp-r,cold,0.288,,OK+target
small,0ms,rsync,noop,0.150,9315,OK
small,0ms,rsync,change,0.148,10008,OK
small,0ms,rsync-z,noop,0.145,9315,OK
small,0ms,rsync-z,change,0.149,9775,OK
small,0ms,tar,noop,0.158,2396160,OK
small,0ms,tar,change,0.158,2396160,STALE
small,0ms,tar-gz,noop,0.108,401143,OK
small,0ms,tar-gz,change,0.110,401197,STALE
small,0ms,tar-zstd,noop,0.113,250798,OK
small,0ms,tar-zstd,change,0.111,250899,STALE
small,0ms,tar-inc,noop,0.100,92160,OK
small,0ms,tar-inc,change,0.102,102400,OK
small,50ms,rsync,cold,0.855,2112674,OK
small,50ms,rsync-z,cold,0.837,269845,OK
small,50ms,tar,cold,0.560,2396160,OK
small,50ms,tar-gz,cold,0.563,401143,OK
small,50ms,tar-zstd,cold,0.607,250798,OK
small,50ms,tar-inc,cold,0.653,2447360,OK
small,50ms,scp-r,cold,80.483,,OK+target
small,50ms,rsync,noop,0.752,9315,OK
small,50ms,rsync,change,0.827,10008,OK
small,50ms,rsync-z,noop,0.755,9315,OK
small,50ms,rsync-z,change,1.276,9779,OK
small,50ms,tar,noop,0.561,2396160,OK
small,50ms,tar,change,0.563,2396160,STALE
small,50ms,tar-gz,noop,0.516,401143,OK
small,50ms,tar-gz,change,0.669,401192,STALE
small,50ms,tar-zstd,noop,0.515,250798,OK
small,50ms,tar-zstd,change,0.514,250908,STALE
small,50ms,tar-inc,noop,0.695,92160,OK
small,50ms,tar-inc,change,0.505,102400,OK
small,100ms,rsync,cold,1.611,2112662,OK
small,100ms,rsync-z,cold,1.520,269841,OK
small,100ms,tar,cold,1.061,2396160,OK
small,100ms,tar-gz,cold,0.961,401143,OK
small,100ms,tar-zstd,cold,0.960,250798,OK
small,100ms,tar-inc,cold,1.188,2447360,OK
small,100ms,scp-r,cold,176.245,,OK+target
small,100ms,rsync,noop,1.682,9315,OK
small,100ms,rsync,change,1.703,10008,OK
small,100ms,rsync-z,noop,1.409,9315,OK
small,100ms,rsync-z,change,2.318,9779,OK
small,100ms,tar,noop,1.058,2396160,OK
small,100ms,tar,change,1.644,2396160,STALE
small,100ms,tar-gz,noop,0.966,401143,OK
small,100ms,tar-gz,change,1.233,401194,STALE
small,100ms,tar-zstd,noop,0.962,250798,OK
small,100ms,tar-zstd,change,1.153,250902,STALE
small,100ms,tar-inc,noop,0.953,92160,OK
small,100ms,tar-inc,change,1.202,102400,OK
medium,0ms,rsync,cold,4.113,57297721,OK
medium,0ms,rsync-z,cold,0.454,10529287,OK
medium,0ms,tar,cold,0.501,60938240,OK
medium,0ms,tar-gz,cold,1.061,13857253,OK
medium,0ms,tar-zstd,cold,0.819,11971513,OK
medium,0ms,tar-inc,cold,0.588,61491200,OK
medium,0ms,rsync,noop,0.189,124715,OK
medium,0ms,rsync,change,0.195,125394,OK
medium,0ms,rsync-z,noop,0.192,124715,OK
medium,0ms,rsync-z,change,0.515,125161,OK
medium,0ms,tar,noop,3.255,60938240,OK
medium,0ms,tar,change,1.692,60938240,STALE
medium,0ms,tar-gz,noop,1.667,13857253,OK
medium,0ms,tar-gz,change,0.980,13857335,STALE
medium,0ms,tar-zstd,noop,3.065,11971513,OK
medium,0ms,tar-zstd,change,2.100,11971893,STALE
medium,0ms,tar-inc,noop,0.482,1085440,OK
medium,0ms,tar-inc,change,0.133,1095680,OK
medium,50ms,rsync,cold,21.899,57297757,OK
medium,50ms,rsync-z,cold,31.898,10529531,OK
medium,50ms,tar,cold,2.222,60938240,OK
medium,50ms,tar-gz,cold,1.875,13857253,OK
medium,50ms,tar-zstd,cold,0.810,11971513,OK
medium,50ms,tar-inc,cold,3.178,61491200,OK
medium,50ms,rsync,noop,1.046,124715,OK
medium,50ms,rsync,change,2.090,125394,OK
medium,50ms,rsync-z,noop,1.102,124715,OK
medium,50ms,rsync-z,change,1.225,125161,OK
medium,50ms,tar,noop,2.489,60938240,OK
medium,50ms,tar,change,2.068,60938240,STALE
medium,50ms,tar-gz,noop,1.400,13857253,OK
medium,50ms,tar-gz,change,2.094,13857329,STALE
medium,50ms,tar-zstd,noop,3.495,11971513,OK
medium,50ms,tar-zstd,change,0.811,11971888,STALE
medium,50ms,tar-inc,noop,0.980,1085440,OK
medium,50ms,tar-inc,change,0.594,1095680,OK
medium,100ms,rsync,cold,22.535,57297753,OK
medium,100ms,rsync-z,cold,2.388,10529387,OK
medium,100ms,tar,cold,4.145,60938240,OK
medium,100ms,tar-gz,cold,2.008,13857253,OK
medium,100ms,tar-zstd,cold,1.756,11971513,OK
medium,100ms,tar-inc,cold,4.249,61491200,OK
medium,100ms,rsync,noop,2.233,124715,OK
medium,100ms,rsync,change,2.320,125390,OK
medium,100ms,rsync-z,noop,2.176,124715,OK
medium,100ms,rsync-z,change,2.712,125161,OK
medium,100ms,tar,noop,5.972,60938240,OK
medium,100ms,tar,change,4.717,60938240,STALE
medium,100ms,tar-gz,noop,1.913,13857253,OK
medium,100ms,tar-gz,change,1.899,13857331,STALE
medium,100ms,tar-zstd,noop,1.551,11971513,OK
medium,100ms,tar-zstd,change,1.516,11971895,STALE
medium,100ms,tar-inc,noop,0.998,1085440,OK
medium,100ms,tar-inc,change,0.989,1095680,OK
large,0ms,rsync,cold,3.947,298088385,OK
large,0ms,rsync-z,cold,1.677,37521336,OK
large,0ms,tar,cold,1.118,312309760,OK
large,0ms,tar-gz,cold,6.103,51622664,OK
large,0ms,tar-zstd,cold,10.019,40609999,OK
large,0ms,tar-inc,cold,8.326,313763840,OK
large,0ms,rsync,noop,0.286,408460,OK
large,0ms,rsync,change,1.364,409043,OK
large,0ms,rsync-z,noop,0.280,408460,OK
large,0ms,rsync-z,change,1.280,408852,OK
large,0ms,tar,noop,9.073,312309760,OK
large,0ms,tar,change,11.901,312309760,STALE
large,0ms,tar-gz,noop,9.292,51622664,OK
large,0ms,tar-gz,change,12.594,51623767,STALE
large,0ms,tar-zstd,noop,9.198,40609999,OK
large,0ms,tar-zstd,change,13.545,40588675,STALE
large,0ms,tar-inc,noop,0.692,2836480,OK
large,0ms,tar-inc,change,0.549,2836480,OK
large,50ms,rsync,cold,8.781,298088401,OK
large,50ms,rsync-z,cold,2.793,37521684,OK
large,50ms,tar,cold,19.225,312309760,OK
large,50ms,tar-gz,cold,5.440,51622664,OK
large,50ms,tar-zstd,cold,2.201,40609999,OK
large,50ms,tar-inc,cold,10.274,313763840,OK
large,50ms,rsync,noop,1.748,408460,OK
large,50ms,rsync,change,1.809,409043,OK
large,50ms,rsync-z,noop,2.295,408460,OK
large,50ms,rsync-z,change,2.660,408853,OK
large,50ms,tar,noop,10.042,312309760,OK
large,50ms,tar,change,9.715,312309760,STALE
large,50ms,tar-gz,noop,5.704,51622664,OK
large,50ms,tar-gz,change,10.395,51624380,STALE
large,50ms,tar-zstd,noop,6.005,40609999,OK
large,50ms,tar-zstd,change,12.987,40588637,STALE
large,50ms,tar-inc,noop,1.025,2836480,OK
large,50ms,tar-inc,change,0.753,2836480,OK
